{
    "accuracy": 0.9727822580645161,
    "precision": 0.9826086956521739,
    "recall": 0.8188405797101449
}
