{
    "accuracy": 0.9627016129032258,
    "precision": 0.9719626168224299,
    "recall": 0.7536231884057971
}
